{
	"class_name" : "PinholeCameraParameters",
	"extrinsic" : 
	[
		-0.18105759924236381,
		0.10045730469880658,
		0.97832840891453354,
		0.0,
		-0.064919439125384212,
		-0.99382062047283359,
		0.09003355344890987,
		0.0,
		0.98132747448557522,
		-0.047211272548442387,
		0.18646040749746198,
		0.0,
		-0.33389608997730125,
		0.011982872994981424,
		0.27694945814009964,
		1.0
	],
	"intrinsic" : 
	{
		"height" : 1043,
		"intrinsic_matrix" : 
		[
			903.26449614716955,
			0.0,
			0.0,
			0.0,
			903.26449614716955,
			0.0,
			959.5,
			521.0,
			1.0
		],
		"width" : 1920
	},
	"version_major" : 1,
	"version_minor" : 0
}